Workbook

Sheet Estimates-on-the-use-of-water-(
A1: name | B1: income_group | C1: pop_n (k) | D1: pop_u% | E1: wat_bas_n | F1: wat_lim_n | G1: wat_unimp_n | H1: wat_sur_n | I1: wat_bas_r | J1: wat_lim_r | K1: wat_unimp_r | L1: wat_sur_r | M1: wat_bas_u | N1: wat_lim_u | O1: wat_unimp_u | P1: wat_sur_u | Q1: pop_n_actual | R1: pop_u_val | S1: pop_r% | T1: pop_n (m) | U1: wat_bas_n (rounded) | V1: pop_u (rounded)% | W1: pop_r (rounded)% | X1: income_group_num
A2: Tokelau | B2: NAN | C2: 1.35 | D2: 0 | E2: 99.707677 | F2: 0 | G2: 0.29232335 | H2: 0 | I2: 99.707677 | J2: 0 | K2: 0.29232335 | L2: 0 | M2: NAN | N2: NAN | O2: NAN | P2: NAN | Q2: =round(C2*1000,0) -> 1350 | R2: =ROUND((D2/100)*Q2,0) -> 0 | S2: =100-D2 -> 100 | T2: =ROUNDUP((C2*1000)/1000000,0) -> 1 | U2: =ROUND(E2,5) -> 99.70768 | V2: =ROUND(D2,0) -> 0 | W2: =ROUND(100-V2,0) -> 100 | X2: =IFS(B2="NAN",0,B2="Low income",1,B2="Lower middle income",2,B2="Upper middle income",3,B2="High income",4) -> 0
A3: Niue | B3: NAN | C3: 1.618 | D3: 46.202003 | E3: 97.010876 | F3: 0 | G3: 2.9891238 | H3: 0 | I3: NAN | J3: NAN | K3: NAN | L3: NAN | M3: NAN | N3: NAN | O3: NAN | P3: NAN | Q3: =round(C3*1000,0) -> 1618 | R3: =ROUND((D3/100)*Q3,0) -> 748 | S3: =100-D3 -> 53.797997 | T3: =ROUNDUP((C3*1000)/1000000,0) -> 1 | U3: =ROUND(E3,5) -> 97.01088 | V3: =ROUND(D3,0) -> 46 | W3: =ROUND(100-V3,0) -> 54 | X3: =IFS(B3="NAN",0,B3="Low income",1,B3="Lower middle income",2,B3="Upper middle income",3,B3="High income",4) -> 0
A4: Falkland Islands (Malvinas) | B4: NAN | C4: 3.483 | D4: 78.507996 | E4: 95.308927 | F4: 0 | G4: 4.6910726 | H4: 0 | I4: 78.172943 | J4: 0 | K4: 21.827057 | L4: 0 | M4: 100 | N4: 0 | O4: 0 | P4: 0 | Q4: =round(C4*1000,0) -> 3483 | R4: =ROUND((D4/100)*Q4,0) -> 2734 | S4: =100-D4 -> 21.492004 | T4: =ROUNDUP((C4*1000)/1000000,0) -> 1 | U4: =ROUND(E4,5) -> 95.30893 | V4: =ROUND(D4,0) -> 79 | W4: =ROUND(100-V4,0) -> 21 | X4: =IFS(B4="NAN",0,B4="Low income",1,B4="Lower middle income",2,B4="Upper middle income",3,B4="High income",4) -> 0
A5: Montserrat | B5: NAN | C5: 4.9990001 | D5: 9.1149998 | E5: 98.077483 | F5: 0 | G5: 1.9225174 | H5: 0 | I5: NAN | J5: NAN | K5: NAN | L5: NAN | M5: NAN | N5: NAN | O5: NAN | P5: NAN | Q5: =round(C5*1000,0) -> 4999 | R5: =ROUND((D5/100)*Q5,0) -> 456 | S5: =100-D5 -> 90.885 | T5: =ROUNDUP((C5*1000)/1000000,0) -> 1 | U5: =ROUND(E5,5) -> 98.07748 | V5: =ROUND(D5,0) -> 9 | W5: =ROUND(100-V5,0) -> 91 | X5: =IFS(B5="NAN",0,B5="Low income",1,B5="Lower middle income",2,B5="Upper middle income",3,B5="High income",4) -> 0
A6: Saint Pierre and Miquelon | B6: NAN | C6: 5.7950001 | D6: 89.961998 | E6: 91.4 | F6: 0 | G6: 8.6 | H6: 0 | I6: NAN | J6: NAN | K6: NAN | L6: NAN | M6: NAN | N6: NAN | O6: NAN | P6: NAN | Q6: =round(C6*1000,0) -> 5795 | R6: =ROUND((D6/100)*Q6,0) -> 5213 | S6: =100-D6 -> 10.038002 | T6: =ROUNDUP((C6*1000)/1000000,0) -> 1 | U6: =ROUND(E6,5) -> 91.4 | V6: =ROUND(D6,0) -> 90 | W6: =ROUND(100-V6,0) -> 10 | X6: =IFS(B6="NAN",0,B6="Low income",1,B6="Lower middle income",2,B6="Upper middle income",3,B6="High income",4) -> 0
A7: Saint Helena | B7: NAN | C7: 6.0710001 | D7: 40.082001 | E7: 99.1 | F7: 0 | G7: 0.9 | H7: 0 | I7: NAN | J7: NAN | K7: NAN | L7: NAN | M7: NAN | N7: NAN | O7: NAN | P7: NAN | Q7: =round(C7*1000,0) -> 6071 | R7: =ROUND((D7/100)*Q7,0) -> 2433 | S7: =100-D7 -> 59.917999 | T7: =ROUNDUP((C7*1000)/1000000,0) -> 1 | U7: =ROUND(E7,5) -> 99.1 | V7: =ROUND(D7,0) -> 40 | W7: =ROUND(100-V7,0) -> 60 | X7: =IFS(B7="NAN",0,B7="Low income",1,B7="Lower middle income",2,B7="Upper middle income",3,B7="High income",4) -> 0
A8: Saint Barthelemy | B8: NAN | C8: 9.885 | D8: 100 | E8: 100 | F8: 0 | G8: 0 | H8: 0 | I8: NAN | J8: NAN | K8: NAN | L8: NAN | M8: 100 | N8: 0 | O8: 0 | P8: 0 | Q8: =round(C8*1000,0) -> 9885 | R8: =ROUND((D8/100)*Q8,0) -> 9885 | S8: =100-D8 -> 0 | T8: =ROUNDUP((C8*1000)/1000000,0) -> 1 | U8: =ROUND(E8,5) -> 100 | V8: =ROUND(D8,0) -> 100 | W8: =ROUND(100-V8,0) -> 0 | X8: =IFS(B8="NAN",0,B8="Low income",1,B8="Lower middle income",2,B8="Upper middle income",3,B8="High income",4) -> 0
A9: Nauru | B9: High income | C9: 10.834 | D9: 100 | E9: 100 | F9: 0 | G9: 0 | H9: 0 | I9: NAN | J9: NAN | K9: NAN | L9: NAN | M9: 100 | N9: 0 | O9: 0 | P9: 0 | Q9: =round(C9*1000,0) -> 10834 | R9: =ROUND((D9/100)*Q9,0) -> 10834 | S9: =100-D9 -> 0 | T9: =ROUNDUP((C9*1000)/1000000,0) -> 1 | U9: =ROUND(E9,5) -> 100 | V9: =ROUND(D9,0) -> 100 | W9: =ROUND(100-V9,0) -> 0 | X9: =IFS(B9="NAN",0,B9="Low income",1,B9="Lower middle income",2,B9="Upper middle income",3,B9="High income",4) -> 4
A10: Wallis and Futuna Islands | B10: NAN | C10: 11.246 | D10: 0 | E10: 99.143287 | F10: 0 | G10: 0.85671264 | H10: 0 | I10: 99.143287 | J10: 0 | K10: 0.85671264 | L10: 0 | M10: NAN | N10: NAN | O10: NAN | P10: NAN | Q10: =round(C10*1000,0) -> 11246 | R10: =ROUND((D10/100)*Q10,0) -> 0 | S10: =100-D10 -> 100 | T10: =ROUNDUP((C10*1000)/1000000,0) -> 1 | U10: =ROUND(E10,5) -> 99.14329 | V10: =ROUND(D10,0) -> 0 | W10: =ROUND(100-V10,0) -> 100 | X10: =IFS(B10="NAN",0,B10="Low income",1,B10="Lower middle income",2,B10="Upper middle income",3,B10="High income",4) -> 0
A11: Tuvalu | B11: Upper middle income | C11: 11.792 | D11: 64.014 | E11: 100 | F11: 0 | G11: 0 | H11: 0 | I11: 100 | J11: 0 | K11: 0 | L11: 0 | M11: 100 | N11: 0 | O11: 0 | P11: 0 | Q11: =round(C11*1000,0) -> 11792 | R11: =ROUND((D11/100)*Q11,0) -> 7549 | S11: =100-D11 -> 35.986 | T11: =ROUNDUP((C11*1000)/1000000,0) -> 1 | U11: =ROUND(E11,5) -> 100 | V11: =ROUND(D11,0) -> 64 | W11: =ROUND(100-V11,0) -> 36 | X11: =IFS(B11="NAN",0,B11="Low income",1,B11="Lower middle income",2,B11="Upper middle income",3,B11="High income",4) -> 3
A12: Cook Islands | B12: NAN | C12: 17.563999 | D12: 75.495003 | E12: 99.97161 | F12: 0 | G12: 0.028389783 | H12: 0 | I12: NAN | J12: NAN | K12: NAN | L12: NAN | M12: NAN | N12: NAN | O12: NAN | P12: NAN | Q12: =round(C12*1000,0) -> 17564 | R12: =ROUND((D12/100)*Q12,0) -> 13260 | S12: =100-D12 -> 24.504997 | T12: =ROUNDUP((C12*1000)/1000000,0) -> 1 | U12: =ROUND(E12,5) -> 99.97161 | V12: =ROUND(D12,0) -> 75 | W12: =ROUND(100-V12,0) -> 25 | X12: =IFS(B12="NAN",0,B12="Low income",1,B12="Lower middle income",2,B12="Upper middle income",3,B12="High income",4) -> 0
A13: Palau | B13: Upper middle income | C13: 18.091999 | D13: 80.987999 | E13: 99.657545 | F13: 0 | G13: 0.3424545 | H13: 0 | I13: 99.756985 | J13: 0 | K13: 0.24301497 | L13: 0 | M13: 99.634202 | N13: 0 | O13: 0.36579801 | P13: 0 | Q13: =round(C13*1000,0) -> 18092 | R13: =ROUND((D13/100)*Q13,0) -> 14652 | S13: =100-D13 -> 19.012001 | T13: =ROUNDUP((C13*1000)/1000000,0) -> 1 | U13: =ROUND(E13,5) -> 99.65755 | V13: =ROUND(D13,0) -> 81 | W13: =ROUND(100-V13,0) -> 19 | X13: =IFS(B13="NAN",0,B13="Low income",1,B13="Lower middle income",2,B13="Upper middle income",3,B13="High income",4) -> 3
A14: British Virgin Islands | B14: High income | C14: 30.237 | D14: 48.514999 | E14: 99.864384 | F14: 0 | G14: 0.13561644 | H14: 0 | I14: NAN | J14: NAN | K14: NAN | L14: NAN | M14: NAN | N14: NAN | O14: NAN | P14: NAN | Q14: =round(C14*1000,0) -> 30237 | R14: =ROUND((D14/100)*Q14,0) -> 14669 | S14: =100-D14 -> 51.485001 | T14: =ROUNDUP((C14*1000)/1000000,0) -> 1 | U14: =ROUND(E14,5) -> 99.86438 | V14: =ROUND(D14,0) -> 49 | W14: =ROUND(100-V14,0) -> 51 | X14: =IFS(B14="NAN",0,B14="Low income",1,B14="Lower middle income",2,B14="Upper middle income",3,B14="High income",4) -> 4
A15: Gibraltar | B15: High income | C15: 33.691002 | D15: 100 | E15: 100 | F15: 0 | G15: 0 | H15: 0 | I15: NAN | J15: NAN | K15: NAN | L15: NAN | M15: 100 | N15: 0 | O15: 0 | P15: 0 | Q15: =round(C15*1000,0) -> 33691 | R15: =ROUND((D15/100)*Q15,0) -> 33691 | S15: =100-D15 -> 0 | T15: =ROUNDUP((C15*1000)/1000000,0) -> 1 | U15: =ROUND(E15,5) -> 100 | V15: =ROUND(D15,0) -> 100 | W15: =ROUND(100-V15,0) -> 0 | X15: =IFS(B15="NAN",0,B15="Low income",1,B15="Lower middle income",2,B15="Upper middle income",3,B15="High income",4) -> 4
A16: San Marino | B16: High income | C16: 33.938 | D16: 97.499001 | E16: 100 | F16: 0 | G16: 0 | H16: 0 | I16: NAN | J16: NAN | K16: NAN | L16: NAN | M16: NAN | N16: NAN | O16: NAN | P16: NAN | Q16: =round(C16*1000,0) -> 33938 | R16: =ROUND((D16/100)*Q16,0) -> 33089 | S16: =100-D16 -> 2.5009995 | T16: =ROUNDUP((C16*1000)/1000000,0) -> 1 | U16: =ROUND(E16,5) -> 100 | V16: =ROUND(D16,0) -> 97 | W16: =ROUND(100-V16,0) -> 3 | X16: =IFS(B16="NAN",0,B16="Low income",1,B16="Lower middle income",2,B16="Upper middle income",3,B16="High income",4) -> 4
A17: Liechtenstein | B17: High income | C17: 38.137001 | D17: 14.416 | E17: 100 | F17: 0 | G17: 0 | H17: 0 | I17: NAN | J17: NAN | K17: NAN | L17: NAN | M17: NAN | N17: NAN | O17: NAN | P17: NAN | Q17: =round(C17*1000,0) -> 38137 | R17: =ROUND((D17/100)*Q17,0) -> 5498 | S17: =100-D17 -> 85.584 | T17: =ROUNDUP((C17*1000)/1000000,0) -> 1 | U17: =ROUND(E17,5) -> 100 | V17: =ROUND(D17,0) -> 14 | W17: =ROUND(100-V17,0) -> 86 | X17: =IFS(B17="NAN",0,B17="Low income",1,B17="Lower middle income",2,B17="Upper middle income",3,B17="High income",4) -> 4
A18: Saint Martin (French part) | B18: High income | C18: 38.659 | D18: 100 | E18: 99.999271 | F18: 0 | G18: 0.00072861055 | H18: 0 | I18: NAN | J18: NAN | K18: NAN | L18: NAN | M18: 99.999271 | N18: 0 | O18: 0.00072861055 | P18: 0 | Q18: =round(C18*1000,0) -> 38659 | R18: =ROUND((D18/100)*Q18,0) -> 38659 | S18: =100-D18 -> 0 | T18: =ROUNDUP((C18*1000)/1000000,0) -> 1 | U18: =ROUND(E18,5) -> 99.99927 | V18: =ROUND(D18,0) -> 100 | W18: =ROUND(100-V18,0) -> 0 | X18: =IFS(B18="NAN",0,B18="Low income",1,B18="Lower middle income",2,B18="Upper middle income",3,B18="High income",4) -> 4
A19: Monaco | B19: High income | C19: 39.243999 | D19: 100 | E19: 100 | F19: 0 | G19: 0 | H19: 0 | I19: NAN | J19: NAN | K19: NAN | L19: NAN | M19: 100 | N19: 0 | O19: 0 | P19: 0 | Q19: =round(C19*1000,0) -> 39244 | R19: =ROUND((D19/100)*Q19,0) -> 39244 | S19: =100-D19 -> 0 | T19: =ROUNDUP((C19*1000)/1000000,0) -> 1 | U19: =ROUND(E19,5) -> 100 | V19: =ROUND(D19,0) -> 100 | W19: =ROUND(100-V19,0) -> 0 | X19: =IFS(B19="NAN",0,B19="Low income",1,B19="Lower middle income",2,B19="Upper middle income",3,B19="High income",4) -> 4
A20: Faeroe Islands | B20: High income | C20: 48.865002 | D20: 42.397999 | E20: 100 | F20: 0 | G20: 0 | H20: 0 | I20: NAN | J20: NAN | K20: NAN | L20: NAN | M20: NAN | N20: NAN | O20: NAN | P20: NAN | Q20: =round(C20*1000,0) -> 48865 | R20: =ROUND((D20/100)*Q20,0) -> 20718 | S20: =100-D20 -> 57.602001 | T20: =ROUNDUP((C20*1000)/1000000,0) -> 1 | U20: =ROUND(E20,5) -> 100 | V20: =ROUND(D20,0) -> 42 | W20: =ROUND(100-V20,0) -> 58 | X20: =IFS(B20="NAN",0,B20="Low income",1,B20="Lower middle income",2,B20="Upper middle income",3,B20="High income",4) -> 4
A21: American Samoa | B21: Upper middle income | C21: 55.196999 | D21: 87.153 | E21: 99.773772 | F21: 0 | G21: 0.22622834 | H21: 0 | I21: NAN | J21: NAN | K21: NAN | L21: NAN | M21: NAN | N21: NAN | O21: NAN | P21: NAN | Q21: =round(C21*1000,0) -> 55197 | R21: =ROUND((D21/100)*Q21,0) -> 48106 | S21: =100-D21 -> 12.847 | T21: =ROUNDUP((C21*1000)/1000000,0) -> 1 | U21: =ROUND(E21,5) -> 99.77377 | V21: =ROUND(D21,0) -> 87 | W21: =ROUND(100-V21,0) -> 13 | X21: =IFS(B21="NAN",0,B21="Low income",1,B21="Lower middle income",2,B21="Upper middle income",3,B21="High income",4) -> 3
A22: Greenland | B22: High income | C22: 56.771999 | D22: 87.282005 | E22: 100 | F22: 0 | G22: 0 | H22: 0 | I22: 100 | J22: 0 | K22: 0 | L22: 0 | M22: 100 | N22: 0 | O22: 0 | P22: 0 | Q22: =round(C22*1000,0) -> 56772 | R22: =ROUND((D22/100)*Q22,0) -> 49552 | S22: =100-D22 -> 12.717995 | T22: =ROUNDUP((C22*1000)/1000000,0) -> 1 | U22: =ROUND(E22,5) -> 100 | V22: =ROUND(D22,0) -> 87 | W22: =ROUND(100-V22,0) -> 13 | X22: =IFS(B22="NAN",0,B22="Low income",1,B22="Lower middle income",2,B22="Upper middle income",3,B22="High income",4) -> 4
A23: Northern Mariana Islands | B23: High income | C23: 57.556999 | D23: 91.797997 | E23: 100 | F23: 0 | G23: 0 | H23: 0 | I23: NAN | J23: NAN | K23: NAN | L23: NAN | M23: NAN | N23: NAN | O23: NAN | P23: NAN | Q23: =round(C23*1000,0) -> 57557 | R23: =ROUND((D23/100)*Q23,0) -> 52836 | S23: =100-D23 -> 8.2020035 | T23: =ROUNDUP((C23*1000)/1000000,0) -> 1 | U23: =ROUND(E23,5) -> 100 | V23: =ROUND(D23,0) -> 92 | W23: =ROUND(100-V23,0) -> 8 | X23: =IFS(B23="NAN",0,B23="Low income",1,B23="Lower middle income",2,B23="Upper middle income",3,B23="High income",4) -> 4
A24: Marshall Islands | B24: Upper middle income | C24: 59.194 | D24: 77.793991 | E24: 88.572047 | F24: 11.387979 | G24: 0.039974026 | H24: 0 | I24: 94.42972 | J24: 5.39028 | K24: 0.18 | L24: 0 | M24: 86.9 | N24: 13.1 | O24: 0 | P24: 0 | Q24: =round(C24*1000,0) -> 59194 | R24: =ROUND((D24/100)*Q24,0) -> 46049 | S24: =100-D24 -> 22.206009 | T24: =ROUNDUP((C24*1000)/1000000,0) -> 1 | U24: =ROUND(E24,5) -> 88.57205 | V24: =ROUND(D24,0) -> 78 | W24: =ROUND(100-V24,0) -> 22 | X24: =IFS(B24="NAN",0,B24="Low income",1,B24="Lower middle income",2,B24="Upper middle income",3,B24="High income",4) -> 3
A25: Bermuda | B25: High income | C25: 62.272999 | D25: 100 | E25: 99.90314 | F25: 0 | G25: 0.096859983 | H25: 0 | I25: NAN | J25: NAN | K25: NAN | L25: NAN | M25: 99.90314 | N25: 0 | O25: 0.096859983 | P25: 0 | Q25: =round(C25*1000,0) -> 62273 | R25: =ROUND((D25/100)*Q25,0) -> 62273 | S25: =100-D25 -> 0 | T25: =ROUNDUP((C25*1000)/1000000,0) -> 1 | U25: =ROUND(E25,5) -> 99.90314 | V25: =ROUND(D25,0) -> 100 | W25: =ROUND(100-V25,0) -> 0 | X25: =IFS(B25="NAN",0,B25="Low income",1,B25="Lower middle income",2,B25="Upper middle income",3,B25="High income",4) -> 4
A26: Andorra | B26: High income | C26: 77.264999 | D26: 87.916 | E26: 100 | F26: 0 | G26: 0 | H26: 0 | I26: 100 | J26: 0 | K26: 0 | L26: 0 | M26: 100 | N26: 0 | O26: 0 | P26: 0 | Q26: =round(C26*1000,0) -> 77265 | R26: =ROUND((D26/100)*Q26,0) -> 67928 | S26: =100-D26 -> 12.084 | T26: =ROUNDUP((C26*1000)/1000000,0) -> 1 | U26: =ROUND(E26,5) -> 100 | V26: =ROUND(D26,0) -> 88 | W26: =ROUND(100-V26,0) -> 12 | X26: =IFS(B26="NAN",0,B26="Low income",1,B26="Lower middle income",2,B26="Upper middle income",3,B26="High income",4) -> 4
A27: Isle of Man | B27: High income | C27: 85.031998 | D27: 52.898003 | E27: 99.075 | F27: 0 | G27: 0.925 | H27: 0 | I27: NAN | J27: NAN | K27: NAN | L27: NAN | M27: NAN | N27: NAN | O27: NAN | P27: NAN | Q27: =round(C27*1000,0) -> 85032 | R27: =ROUND((D27/100)*Q27,0) -> 44980 | S27: =100-D27 -> 47.101997 | T27: =ROUNDUP((C27*1000)/1000000,0) -> 1 | U27: =ROUND(E27,5) -> 99.075 | V27: =ROUND(D27,0) -> 53 | W27: =ROUND(100-V27,0) -> 47 | X27: =IFS(B27="NAN",0,B27="Low income",1,B27="Lower middle income",2,B27="Upper middle income",3,B27="High income",4) -> 4
A28: United States Virgin Islands | B28: High income | C28: 104.423 | D28: 95.939003 | E28: 98.718267 | F28: 0 | G28: 1.2817326 | H28: 0 | I28: NAN | J28: NAN | K28: NAN | L28: NAN | M28: NAN | N28: NAN | O28: NAN | P28: NAN | Q28: =round(C28*1000,0) -> 104423 | R28: =ROUND((D28/100)*Q28,0) -> 100182 | S28: =100-D28 -> 4.060997 | T28: =ROUNDUP((C28*1000)/1000000,0) -> 1 | U28: =ROUND(E28,5) -> 98.71827 | V28: =ROUND(D28,0) -> 96 | W28: =ROUND(100-V28,0) -> 4 | X28: =IFS(B28="NAN",0,B28="Low income",1,B28="Lower middle income",2,B28="Upper middle income",3,B28="High income",4) -> 4
A29: Tonga | B29: Upper middle income | C29: 105.697 | D29: 23.098999 | E29: 98.731081 | F29: 0.8814973 | G29: 0.38742188 | H29: 0 | I29: 98.468079 | J29: 1.1031597 | K29: 0.42876176 | L29: 0 | M29: 99.606658 | N29: 0.14354054 | O29: 0.24980128 | P29: 0 | Q29: =round(C29*1000,0) -> 105697 | R29: =ROUND((D29/100)*Q29,0) -> 24415 | S29: =100-D29 -> 76.901001 | T29: =ROUNDUP((C29*1000)/1000000,0) -> 1 | U29: =ROUND(E29,5) -> 98.73108 | V29: =ROUND(D29,0) -> 23 | W29: =ROUND(100-V29,0) -> 77 | X29: =IFS(B29="NAN",0,B29="Low income",1,B29="Lower middle income",2,B29="Upper middle income",3,B29="High income",4) -> 3
A30: Kiribati | B30: Lower middle income | C30: 119.446 | D30: 55.593998 | E30: 77.970921 | F30: 4.0768996 | G30: 17.95218 | H30: 0 | I30: 60.994185 | J30: 2.0966098 | K30: 36.909205 | L30: 0 | M30: 91.531175 | N30: 5.6586665 | O30: 2.8101587 | P30: 0 | Q30: =round(C30*1000,0) -> 119446 | R30: =ROUND((D30/100)*Q30,0) -> 66405 | S30: =100-D30 -> 44.406002 | T30: =ROUNDUP((C30*1000)/1000000,0) -> 1 | U30: =ROUND(E30,5) -> 77.97092 | V30: =ROUND(D30,0) -> 56 | W30: =ROUND(100-V30,0) -> 44 | X30: =IFS(B30="NAN",0,B30="Low income",1,B30="Lower middle income",2,B30="Upper middle income",3,B30="High income",4) -> 2
A31: Guam | B31: High income | C31: 168.783 | D31: 94.938004 | E31: 99.6952 | F31: 0 | G31: 0.3048 | H31: 0 | I31: NAN | J31: NAN | K31: NAN | L31: NAN | M31: NAN | N31: NAN | O31: NAN | P31: NAN | Q31: =round(C31*1000,0) -> 168783 | R31: =ROUND((D31/100)*Q31,0) -> 160239 | S31: =100-D31 -> 5.0619965 | T31: =ROUNDUP((C31*1000)/1000000,0) -> 1 | U31: =ROUND(E31,5) -> 99.6952 | V31: =ROUND(D31,0) -> 95 | W31: =ROUND(100-V31,0) -> 5 | X31: =IFS(B31="NAN",0,B31="Low income",1,B31="Lower middle income",2,B31="Upper middle income",3,B31="High income",4) -> 4
A32: Saint Lucia | B32: Upper middle income | C32: 183.629 | D32: 18.841 | E32: 96.887845 | F32: 1.8156522 | G32: 1.2965033 | H32: 0 | I32: 96.814024 | J32: 1.7341523 | K32: 1.4518239 | L32: 0 | M32: 97.205822 | N32: 2.1667189 | O32: 0.62745892 | P32: 0 | Q32: =round(C32*1000,0) -> 183629 | R32: =ROUND((D32/100)*Q32,0) -> 34598 | S32: =100-D32 -> 81.159 | T32: =ROUNDUP((C32*1000)/1000000,0) -> 1 | U32: =ROUND(E32,5) -> 96.88784 | V32: =ROUND(D32,0) -> 19 | W32: =ROUND(100-V32,0) -> 81 | X32: =IFS(B32="NAN",0,B32="Low income",1,B32="Lower middle income",2,B32="Upper middle income",3,B32="High income",4) -> 3
A33: Samoa | B33: Lower middle income | C33: 198.41 | D33: 17.889 | E33: 91.837725 | F33: 6.5209 | G33: 1.4186234 | H33: 0.22275207 | I33: 91.780323 | J33: 6.2207033 | K33: 1.7276922 | L33: 0.27128163 | M33: 92.10119 | N33: 7.89881 | O33: 0 | P33: 0 | Q33: =round(C33*1000,0) -> 198410 | R33: =ROUND((D33/100)*Q33,0) -> 35494 | S33: =100-D33 -> 82.111 | T33: =ROUNDUP((C33*1000)/1000000,0) -> 1 | U33: =ROUND(E33,5) -> 91.83772 | V33: =ROUND(D33,0) -> 18 | W33: =ROUND(100-V33,0) -> 82 | X33: =IFS(B33="NAN",0,B33="Low income",1,B33="Lower middle income",2,B33="Upper middle income",3,B33="High income",4) -> 2
A34: Sao Tome and Principe | B34: Lower middle income | C34: 219.161 | D34: 74.354004 | E34: 78.226455 | F34: 20.237983 | G34: 0.44351993 | H34: 1.0920419 | I34: 74.300614 | J34: 19.711843 | K34: 1.7294057 | L34: 4.2581372 | M34: 79.580543 | N34: 20.419457 | O34: 0 | P34: 0 | Q34: =round(C34*1000,0) -> 219161 | R34: =ROUND((D34/100)*Q34,0) -> 162955 | S34: =100-D34 -> 25.645996 | T34: =ROUNDUP((C34*1000)/1000000,0) -> 1 | U34: =ROUND(E34,5) -> 78.22646 | V34: =ROUND(D34,0) -> 74 | W34: =ROUND(100-V34,0) -> 26 | X34: =IFS(B34="NAN",0,B34="Low income",1,B34="Lower middle income",2,B34="Upper middle income",3,B34="High income",4) -> 2
A35: Mayotte | B35: NAN | C35: 272.81299 | D35: 45.750999 | E35: 96.37118 | F35: 0 | G35: 3.6288203 | H35: NAN | I35: NAN | J35: NAN | K35: NAN | L35: NAN | M35: NAN | N35: NAN | O35: NAN | P35: NAN | Q35: =round(C35*1000,0) -> 272813 | R35: =ROUND((D35/100)*Q35,0) -> 124815 | S35: =100-D35 -> 54.249001 | T35: =ROUNDUP((C35*1000)/1000000,0) -> 1 | U35: =ROUND(E35,5) -> 96.37118 | V35: =ROUND(D35,0) -> 46 | W35: =ROUND(100-V35,0) -> 54 | X35: =IFS(B35="NAN",0,B35="Low income",1,B35="Lower middle income",2,B35="Upper middle income",3,B35="High income",4) -> 0
A36: French Polynesia | B36: High income | C36: 280.90399 | D36: 61.975002 | E36: 100 | F36: 0 | G36: 0 | H36: 0 | I36: NAN | J36: NAN | K36: NAN | L36: NAN | M36: NAN | N36: NAN | O36: NAN | P36: NAN | Q36: =round(C36*1000,0) -> 280904 | R36: =ROUND((D36/100)*Q36,0) -> 174090 | S36: =100-D36 -> 38.024998 | T36: =ROUNDUP((C36*1000)/1000000,0) -> 1 | U36: =ROUND(E36,5) -> 100 | V36: =ROUND(D36,0) -> 62 | W36: =ROUND(100-V36,0) -> 38 | X36: =IFS(B36="NAN",0,B36="Low income",1,B36="Lower middle income",2,B36="Upper middle income",3,B36="High income",4) -> 4
A37: New Caledonia | B37: High income | C37: 285.491 | D37: 71.517998 | E37: 99.305321 | F37: 0 | G37: 0.69467943 | H37: 0 | I37: NAN | J37: NAN | K37: NAN | L37: NAN | M37: NAN | N37: NAN | O37: NAN | P37: NAN | Q37: =round(C37*1000,0) -> 285491 | R37: =ROUND((D37/100)*Q37,0) -> 204177 | S37: =100-D37 -> 28.482002 | T37: =ROUNDUP((C37*1000)/1000000,0) -> 1 | U37: =ROUND(E37,5) -> 99.30532 | V37: =ROUND(D37,0) -> 72 | W37: =ROUND(100-V37,0) -> 28 | X37: =IFS(B37="NAN",0,B37="Low income",1,B37="Lower middle income",2,B37="Upper middle income",3,B37="High income",4) -> 4
A38: Barbados | B38: High income | C38: 287.371 | D38: 31.191 | E38: 98.51445 | F38: 0.26760058 | G38: 1.217949 | H38: 0 | I38: NAN | J38: NAN | K38: NAN | L38: NAN | M38: NAN | N38: NAN | O38: NAN | P38: NAN | Q38: =round(C38*1000,0) -> 287371 | R38: =ROUND((D38/100)*Q38,0) -> 89634 | S38: =100-D38 -> 68.809 | T38: =ROUNDUP((C38*1000)/1000000,0) -> 1 | U38: =ROUND(E38,5) -> 98.51445 | V38: =ROUND(D38,0) -> 31 | W38: =ROUND(100-V38,0) -> 69 | X38: =IFS(B38="NAN",0,B38="Low income",1,B38="Lower middle income",2,B38="Upper middle income",3,B38="High income",4) -> 4
A39: French Guiana | B39: NAN | C39: 298.68201 | D39: 85.82 | E39: 93.782216 | F39: 0 | G39: 6.2177837 | H39: 0 | I39: NAN | J39: NAN | K39: NAN | L39: NAN | M39: NAN | N39: NAN | O39: NAN | P39: NAN | Q39: =round(C39*1000,0) -> 298682 | R39: =ROUND((D39/100)*Q39,0) -> 256329 | S39: =100-D39 -> 14.18 | T39: =ROUNDUP((C39*1000)/1000000,0) -> 1 | U39: =ROUND(E39,5) -> 93.78222 | V39: =ROUND(D39,0) -> 86 | W39: =ROUND(100-V39,0) -> 14 | X39: =IFS(B39="NAN",0,B39="Low income",1,B39="Lower middle income",2,B39="Upper middle income",3,B39="High income",4) -> 0
A40: Vanuatu | B40: Lower middle income | C40: 307.14999 | D40: 25.525002 | E40: 91.231191 | F40: 1.0623851 | G40: 0 | H40: 7.7064242 | I40: 88.397201 | J40: 1.2551327 | K40: 0 | L40: 10.347666 | M40: 99.5 | N40: 0.5 | O40: 0 | P40: 0 | Q40: =round(C40*1000,0) -> 307150 | R40: =ROUND((D40/100)*Q40,0) -> 78400 | S40: =100-D40 -> 74.474998 | T40: =ROUNDUP((C40*1000)/1000000,0) -> 1 | U40: =ROUND(E40,5) -> 91.23119 | V40: =ROUND(D40,0) -> 26 | W40: =ROUND(100-V40,0) -> 74 | X40: =IFS(B40="NAN",0,B40="Low income",1,B40="Lower middle income",2,B40="Upper middle income",3,B40="High income",4) -> 2
A41: Iceland | B41: High income | C41: 341.25 | D41: 93.897995 | E41: 99.999997 | F41: 0 | G41: 2.79465e-06 | H41: 0 | I41: 100 | J41: 0 | K41: 0 | L41: 0 | M41: 100 | N41: 0 | O41: 0 | P41: 0 | Q41: =round(C41*1000,0) -> 341250 | R41: =ROUND((D41/100)*Q41,0) -> 320427 | S41: =100-D41 -> 6.102005 | T41: =ROUNDUP((C41*1000)/1000000,0) -> 1 | U41: =ROUND(E41,5) -> 100 | V41: =ROUND(D41,0) -> 94 | W41: =ROUND(100-V41,0) -> 6 | X41: =IFS(B41="NAN",0,B41="Low income",1,B41="Lower middle income",2,B41="Upper middle income",3,B41="High income",4) -> 4
A42: Martinique | B42: NAN | C42: 375.26501 | D42: 89.139999 | E42: 99.841971 | F42: 0 | G42: 0.15802922 | H42: 0 | I42: NAN | J42: NAN | K42: NAN | L42: NAN | M42: NAN | N42: NAN | O42: NAN | P42: NAN | Q42: =round(C42*1000,0) -> 375265 | R42: =ROUND((D42/100)*Q42,0) -> 334511 | S42: =100-D42 -> 10.860001 | T42: =ROUNDUP((C42*1000)/1000000,0) -> 1 | U42: =ROUND(E42,5) -> 99.84197 | V42: =ROUND(D42,0) -> 89 | W42: =ROUND(100-V42,0) -> 11 | X42: =IFS(B42="NAN",0,B42="Low income",1,B42="Lower middle income",2,B42="Upper middle income",3,B42="High income",4) -> 0
A43: Belize | B43: Upper middle income | C43: 397.621 | D43: 46.025002 | E43: 98.401955 | F43: 1.2491106 | G43: 0.34893474 | H43: 0 | I43: 97.995208 | J43: 1.3583177 | K43: 0.64647474 | L43: 0 | M43: 98.87896 | N43: 1.12104 | O43: 0 | P43: 0 | Q43: =round(C43*1000,0) -> 397621 | R43: =ROUND((D43/100)*Q43,0) -> 183005 | S43: =100-D43 -> 53.974998 | T43: =ROUNDUP((C43*1000)/1000000,0) -> 1 | U43: =ROUND(E43,5) -> 98.40195 | V43: =ROUND(D43,0) -> 46 | W43: =ROUND(100-V43,0) -> 54 | X43: =IFS(B43="NAN",0,B43="Low income",1,B43="Lower middle income",2,B43="Upper middle income",3,B43="High income",4) -> 3
A44: Guadeloupe | B44: NAN | C44: 400.12701 | D44: 98.498993 | E44: 99.803126 | F44: 0 | G44: 0.19687396 | H44: 0 | I44: NAN | J44: NAN | K44: NAN | L44: NAN | M44: NAN | N44: NAN | O44: NAN | P44: NAN | Q44: =round(C44*1000,0) -> 400127 | R44: =ROUND((D44/100)*Q44,0) -> 394121 | S44: =100-D44 -> 1.5010071 | T44: =ROUNDUP((C44*1000)/1000000,0) -> 1 | U44: =ROUND(E44,5) -> 99.80313 | V44: =ROUND(D44,0) -> 98 | W44: =ROUND(100-V44,0) -> 2 | X44: =IFS(B44="NAN",0,B44="Low income",1,B44="Lower middle income",2,B44="Upper middle income",3,B44="High income",4) -> 0
A45: Brunei Darussalam | B45: High income | C45: 437.483 | D45: 78.250008 | E45: 99.900037 | F45: 0 | G45: 0.0999632 | H45: 0 | I45: NAN | J45: NAN | K45: NAN | L45: NAN | M45: 99.65 | N45: 0 | O45: 0.35 | P45: 0 | Q45: =round(C45*1000,0) -> 437483 | R45: =ROUND((D45/100)*Q45,0) -> 342330 | S45: =100-D45 -> 21.749992 | T45: =ROUNDUP((C45*1000)/1000000,0) -> 1 | U45: =ROUND(E45,5) -> 99.90004 | V45: =ROUND(D45,0) -> 78 | W45: =ROUND(100-V45,0) -> 22 | X45: =IFS(B45="NAN",0,B45="Low income",1,B45="Lower middle income",2,B45="Upper middle income",3,B45="High income",4) -> 4
A46: Malta | B46: High income | C46: 441.539 | D46: 94.744003 | E46: 100 | F46: 0 | G46: 0 | H46: 0 | I46: 100 | J46: 0 | K46: 0 | L46: 0 | M46: 100 | N46: 0 | O46: 0 | P46: 0 | Q46: =round(C46*1000,0) -> 441539 | R46: =ROUND((D46/100)*Q46,0) -> 418332 | S46: =100-D46 -> 5.2559967 | T46: =ROUNDUP((C46*1000)/1000000,0) -> 1 | U46: =ROUND(E46,5) -> 100 | V46: =ROUND(D46,0) -> 95 | W46: =ROUND(100-V46,0) -> 5 | X46: =IFS(B46="NAN",0,B46="Low income",1,B46="Lower middle income",2,B46="Upper middle income",3,B46="High income",4) -> 4
A47: Maldives | B47: Upper middle income | C47: 540.54199 | D47: 40.668999 | E47: 99.544439 | F47: 0.048050691 | G47: 0.4075107 | H47: 0 | I47: 99.919012 | J47: 0.0809875 | K47: 0 | L47: 0 | M47: 98.997989 | N47: 0 | O47: 1.0020111 | P47: 0 | Q47: =round(C47*1000,0) -> 540542 | R47: =ROUND((D47/100)*Q47,0) -> 219833 | S47: =100-D47 -> 59.331001 | T47: =ROUNDUP((C47*1000)/1000000,0) -> 1 | U47: =ROUND(E47,5) -> 99.54444 | V47: =ROUND(D47,0) -> 41 | W47: =ROUND(100-V47,0) -> 59 | X47: =IFS(B47="NAN",0,B47="Low income",1,B47="Lower middle income",2,B47="Upper middle income",3,B47="High income",4) -> 3
A48: Cabo Verde | B48: Lower middle income | C48: 555.98798 | D48: 66.652 | E48: 88.769606 | F48: 7.9041508 | G48: 3.2091477 | H48: 0.11709501 | I48: 80.114525 | J48: 9.911127 | K48: 9.623217 | L48: 0.35113054 | M48: 93.1 | N48: 6.9 | O48: 0 | P48: 0 | Q48: =round(C48*1000,0) -> 555988 | R48: =ROUND((D48/100)*Q48,0) -> 370577 | S48: =100-D48 -> 33.348 | T48: =ROUNDUP((C48*1000)/1000000,0) -> 1 | U48: =ROUND(E48,5) -> 88.76961 | V48: =ROUND(D48,0) -> 67 | W48: =ROUND(100-V48,0) -> 33 | X48: =IFS(B48="NAN",0,B48="Low income",1,B48="Lower middle income",2,B48="Upper middle income",3,B48="High income",4) -> 2
A49: Suriname | B49: Upper middle income | C49: 586.63397 | D49: 66.149002 | E49: 97.989632 | F49: 1.0672469 | G49: 0.37933651 | H49: 0.56378488 | I49: 96.574413 | J49: 1.6002959 | K49: 0.15980179 | L49: 1.6654897 | M49: 98.713854 | N49: 0.79446524 | O49: 0.49168089 | P49: 0 | Q49: =round(C49*1000,0) -> 586634 | R49: =ROUND((D49/100)*Q49,0) -> 388053 | S49: =100-D49 -> 33.850998 | T49: =ROUNDUP((C49*1000)/1000000,0) -> 1 | U49: =ROUND(E49,5) -> 97.98963 | V49: =ROUND(D49,0) -> 66 | W49: =ROUND(100-V49,0) -> 34 | X49: =IFS(B49="NAN",0,B49="Low income",1,B49="Lower middle income",2,B49="Upper middle income",3,B49="High income",4) -> 3
A50: Luxembourg | B50: High income | C50: 625.97601 | D50: 91.452995 | E50: 99.879933 | F50: 0 | G50: 0.12006746 | H50: 0 | I50: 98.595238 | J50: 0 | K50: 1.4047619 | L50: 0 | M50: 100 | N50: 0 | O50: 0 | P50: 0 | Q50: =round(C50*1000,0) -> 625976 | R50: =ROUND((D50/100)*Q50,0) -> 572474 | S50: =100-D50 -> 8.5470047 | T50: =ROUNDUP((C50*1000)/1000000,0) -> 1 | U50: =ROUND(E50,5) -> 99.87993 | V50: =ROUND(D50,0) -> 91 | W50: =ROUND(100-V50,0) -> 9 | X50: =IFS(B50="NAN",0,B50="Low income",1,B50="Lower middle income",2,B50="Upper middle income",3,B50="High income",4) -> 4
A51: Montenegro | B51: Upper middle income | C51: 628.06201 | D51: 67.488007 | E51: 98.856917 | F51: 0.54547882 | G51: 0.59231201 | H51: 0.0052926509 | I51: 98.161888 | J51: 0 | K51: 1.8218334 | L51: 0.01627907 | M51: 99.19174 | N51: 0.80826041 | O51: 0 | P51: 0 | Q51: =round(C51*1000,0) -> 628062 | R51: =ROUND((D51/100)*Q51,0) -> 423867 | S51: =100-D51 -> 32.511993 | T51: =ROUNDUP((C51*1000)/1000000,0) -> 1 | U51: =ROUND(E51,5) -> 98.85692 | V51: =ROUND(D51,0) -> 67 | W51: =ROUND(100-V51,0) -> 33 | X51: =IFS(B51="NAN",0,B51="Low income",1,B51="Lower middle income",2,B51="Upper middle income",3,B51="High income",4) -> 3
A52: China, Macao SAR | B52: High income | C52: 649.34198 | D52: 100 | E52: 100 | F52: 0 | G52: 0 | H52: 0 | I52: NAN | J52: NAN | K52: NAN | L52: NAN | M52: 100 | N52: 0 | O52: 0 | P52: 0 | Q52: =round(C52*1000,0) -> 649342 | R52: =ROUND((D52/100)*Q52,0) -> 649342 | S52: =100-D52 -> 0 | T52: =ROUNDUP((C52*1000)/1000000,0) -> 1 | U52: =ROUND(E52,5) -> 100 | V52: =ROUND(D52,0) -> 100 | W52: =ROUND(100-V52,0) -> 0 | X52: =IFS(B52="NAN",0,B52="Low income",1,B52="Lower middle income",2,B52="Upper middle income",3,B52="High income",4) -> 4
A53: Solomon Islands | B53: Lower middle income | C53: 686.87799 | D53: 24.67 | E53: 67.301026 | F53: 5.7954783 | G53: 21.267843 | H53: 5.635653 | I53: 59.405267 | J53: 6.5285236 | K53: 26.955911 | L53: 7.1102979 | M53: 91.410777 | N53: 3.5571204 | O53: 3.8992861 | P53: 1.1328166 | Q53: =round(C53*1000,0) -> 686878 | R53: =ROUND((D53/100)*Q53,0) -> 169453 | S53: =100-D53 -> 75.33 | T53: =ROUNDUP((C53*1000)/1000000,0) -> 1 | U53: =ROUND(E53,5) -> 67.30103 | V53: =ROUND(D53,0) -> 25 | W53: =ROUND(100-V53,0) -> 75 | X53: =IFS(B53="NAN",0,B53="Low income",1,B53="Lower middle income",2,B53="Upper middle income",3,B53="High income",4) -> 2
A54: Bhutan | B54: Lower middle income | C54: 771.612 | D54: 42.315998 | E54: 97.313223 | F54: 2.4607126 | G54: 0.17642422 | H54: 0.049640541 | I54: 96.731194 | J54: 3.2688064 | K54: 0 | L54: 0 | M54: 98.106628 | N54: 1.3591415 | O54: 0.41692085 | P54: 0.11730916 | Q54: =round(C54*1000,0) -> 771612 | R54: =ROUND((D54/100)*Q54,0) -> 326515 | S54: =100-D54 -> 57.684002 | T54: =ROUNDUP((C54*1000)/1000000,0) -> 1 | U54: =ROUND(E54,5) -> 97.31322 | V54: =ROUND(D54,0) -> 42 | W54: =ROUND(100-V54,0) -> 58 | X54: =IFS(B54="NAN",0,B54="Low income",1,B54="Lower middle income",2,B54="Upper middle income",3,B54="High income",4) -> 2
A55: Guyana | B55: Upper middle income | C55: 786.55902 | D55: 26.785999 | E55: 95.554807 | F55: 1.2052444 | G55: 1.1430698 | H55: 2.0968789 | I55: 93.92849 | J55: 1.6461939 | K55: 1.5612748 | L55: 2.8640408 | M55: 100 | N55: 0 | O55: 0 | P55: 0 | Q55: =round(C55*1000,0) -> 786559 | R55: =ROUND((D55/100)*Q55,0) -> 210688 | S55: =100-D55 -> 73.214001 | T55: =ROUNDUP((C55*1000)/1000000,0) -> 1 | U55: =ROUND(E55,5) -> 95.55481 | V55: =ROUND(D55,0) -> 27 | W55: =ROUND(100-V55,0) -> 73 | X55: =IFS(B55="NAN",0,B55="Low income",1,B55="Lower middle income",2,B55="Upper middle income",3,B55="High income",4) -> 3
A56: Réunion | B56: NAN | C56: 895.30798 | D56: 99.659004 | E56: 100 | F56: 0 | G56: 0 | H56: 0 | I56: NAN | J56: NAN | K56: NAN | L56: NAN | M56: NAN | N56: NAN | O56: NAN | P56: NAN | Q56: =round(C56*1000,0) -> 895308 | R56: =ROUND((D56/100)*Q56,0) -> 892255 | S56: =100-D56 -> 0.34099579 | T56: =ROUNDUP((C56*1000)/1000000,0) -> 1 | U56: =ROUND(E56,5) -> 100 | V56: =ROUND(D56,0) -> 100 | W56: =ROUND(100-V56,0) -> 0 | X56: =IFS(B56="NAN",0,B56="Low income",1,B56="Lower middle income",2,B56="Upper middle income",3,B56="High income",4) -> 0
A57: Fiji | B57: Upper middle income | C57: 896.44397 | D57: 57.247005 | E57: 94.301065 | F57: 0 | G57: 3.3186028 | H57: 2.380332 | I57: 89.088024 | J57: 0 | K57: 5.7598979 | L57: 5.152078 | M57: 98.194244 | N57: 0 | O57: 1.4954093 | P57: 0.31034659 | Q57: =round(C57*1000,0) -> 896444 | R57: =ROUND((D57/100)*Q57,0) -> 513187 | S57: =100-D57 -> 42.752995 | T57: =ROUNDUP((C57*1000)/1000000,0) -> 1 | U57: =ROUND(E57,5) -> 94.30107 | V57: =ROUND(D57,0) -> 57 | W57: =ROUND(100-V57,0) -> 43 | X57: =IFS(B57="NAN",0,B57="Low income",1,B57="Lower middle income",2,B57="Upper middle income",3,B57="High income",4) -> 3
A58: Djibouti | B58: Lower middle income | C58: 988.00201 | D58: 78.061996 | E58: 76.04992 | F58: 14.757482 | G58: 7.0158761 | H58: 2.176722 | I58: 47.280733 | J58: 12.06161 | K58: 30.735505 | L58: 9.9221522 | M58: 84.135015 | N58: 15.515111 | O58: 0.349874 | P58: 0 | Q58: =round(C58*1000,0) -> 988002 | R58: =ROUND((D58/100)*Q58,0) -> 771254 | S58: =100-D58 -> 21.938004 | T58: =ROUNDUP((C58*1000)/1000000,0) -> 1 | U58: =ROUND(E58,5) -> 76.04992 | V58: =ROUND(D58,0) -> 78 | W58: =ROUND(100-V58,0) -> 22 | X58: =IFS(B58="NAN",0,B58="Low income",1,B58="Lower middle income",2,B58="Upper middle income",3,B58="High income",4) -> 2
A59: Eswatini | B59: Lower middle income | C59: 1160.1639 | D59: 24.171001 | E59: 70.753071 | F59: 9.5070672 | G59: 9.8355679 | H59: 9.904294 | I59: 62.466449 | J59: 12.299695 | K59: 12.450461 | L59: 12.783395 | M59: 96.749763 | N59: 0.74606447 | O59: 1.6321642 | P59: 0.87200823 | Q59: =round(C59*1000,0) -> 1160164 | R59: =ROUND((D59/100)*Q59,0) -> 280423 | S59: =100-D59 -> 75.828999 | T59: =ROUNDUP((C59*1000)/1000000,0) -> 2 | U59: =ROUND(E59,5) -> 70.75307 | V59: =ROUND(D59,0) -> 24 | W59: =ROUND(100-V59,0) -> 76 | X59: =IFS(B59="NAN",0,B59="Low income",1,B59="Lower middle income",2,B59="Upper middle income",3,B59="High income",4) -> 2
A60: Cyprus | B60: High income | C60: 1207.361 | D60: 66.820999 | E60: 99.765173 | F60: 0 | G60: 0.23482682 | H60: 0 | I60: 99.845762 | J60: 0 | K60: 0.15423828 | L60: 0 | M60: 99.725158 | N60: 0 | O60: 0.27484188 | P60: 0 | Q60: =round(C60*1000,0) -> 1207361 | R60: =ROUND((D60/100)*Q60,0) -> 806771 | S60: =100-D60 -> 33.179001 | T60: =ROUNDUP((C60*1000)/1000000,0) -> 2 | U60: =ROUND(E60,5) -> 99.76517 | V60: =ROUND(D60,0) -> 67 | W60: =ROUND(100-V60,0) -> 33 | X60: =IFS(B60="NAN",0,B60="Low income",1,B60="Lower middle income",2,B60="Upper middle income",3,B60="High income",4) -> 4
A61: Mauritius | B61: Upper middle income | C61: 1271.767 | D61: 40.759998 | E61: 99.866255 | F61: 0 | G61: 0.1337453 | H61: 0 | I61: 99.827682 | J61: 0 | K61: 0.17231766 | L61: 0 | M61: 99.922315 | N61: 0 | O61: 0.077684781 | P61: 0 | Q61: =round(C61*1000,0) -> 1271767 | R61: =ROUND((D61/100)*Q61,0) -> 518372 | S61: =100-D61 -> 59.240002 | T61: =ROUNDUP((C61*1000)/1000000,0) -> 2 | U61: =ROUND(E61,5) -> 99.86625 | V61: =ROUND(D61,0) -> 41 | W61: =ROUND(100-V61,0) -> 59 | X61: =IFS(B61="NAN",0,B61="Low income",1,B61="Lower middle income",2,B61="Upper middle income",3,B61="High income",4) -> 3
A62: Timor-Leste | B62: Lower middle income | C62: 1318.442 | D62: 31.32 | E62: 85.495601 | F62: 1.885866 | G62: 8.3600294 | H62: 4.2585034 | I62: 80.487796 | J62: 2.0493647 | K62: 11.26234 | L62: 6.2005 | M62: 96.476958 | N62: 1.5273382 | O62: 1.9957039 | P62: 0 | Q62: =round(C62*1000,0) -> 1318442 | R62: =ROUND((D62/100)*Q62,0) -> 412936 | S62: =100-D62 -> 68.68 | T62: =ROUNDUP((C62*1000)/1000000,0) -> 2 | U62: =ROUND(E62,5) -> 85.4956 | V62: =ROUND(D62,0) -> 31 | W62: =ROUND(100-V62,0) -> 69 | X62: =IFS(B62="NAN",0,B62="Low income",1,B62="Lower middle income",2,B62="Upper middle income",3,B62="High income",4) -> 2
A63: Estonia | B63: High income | C63: 1326.5389 | D63: 69.229004 | E63: 99.590782 | F63: 0 | G63: 0.40921822 | H63: 0 | I63: NAN | J63: NAN | K63: NAN | L63: NAN | M63: 99.985454 | N63: 0 | O63: 0.014545793 | P63: 0 | Q63: =round(C63*1000,0) -> 1326539 | R63: =ROUND((D63/100)*Q63,0) -> 918350 | S63: =100-D63 -> 30.770996 | T63: =ROUNDUP((C63*1000)/1000000,0) -> 2 | U63: =ROUND(E63,5) -> 99.59078 | V63: =ROUND(D63,0) -> 69 | W63: =ROUND(100-V63,0) -> 31 | X63: =IFS(B63="NAN",0,B63="Low income",1,B63="Lower middle income",2,B63="Upper middle income",3,B63="High income",4) -> 4
A64: Trinidad and Tobago | B64: High income | C64: 1399.491 | D64: 53.214001 | E64: 98.875171 | F64: 1.1248292 | G64: 0 | H64: 0 | I64: NAN | J64: NAN | K64: NAN | L64: NAN | M64: NAN | N64: NAN | O64: NAN | P64: NAN | Q64: =round(C64*1000,0) -> 1399491 | R64: =ROUND((D64/100)*Q64,0) -> 744725 | S64: =100-D64 -> 46.785999 | T64: =ROUNDUP((C64*1000)/1000000,0) -> 2 | U64: =ROUND(E64,5) -> 98.87517 | V64: =ROUND(D64,0) -> 53 | W64: =ROUND(100-V64,0) -> 47 | X64: =IFS(B64="NAN",0,B64="Low income",1,B64="Lower middle income",2,B64="Upper middle income",3,B64="High income",4) -> 4
A65: Bahrain | B65: High income | C65: 1701.583 | D65: 89.506004 | E65: 100 | F65: 0 | G65: 0 | H65: 0 | I65: NAN | J65: NAN | K65: NAN | L65: NAN | M65: NAN | N65: NAN | O65: NAN | P65: NAN | Q65: =round(C65*1000,0) -> 1701583 | R65: =ROUND((D65/100)*Q65,0) -> 1523019 | S65: =100-D65 -> 10.493996 | T65: =ROUNDUP((C65*1000)/1000000,0) -> 2 | U65: =ROUND(E65,5) -> 100 | V65: =ROUND(D65,0) -> 90 | W65: =ROUND(100-V65,0) -> 10 | X65: =IFS(B65="NAN",0,B65="Low income",1,B65="Lower middle income",2,B65="Upper middle income",3,B65="High income",4) -> 4
A66: Latvia | B66: High income | C66: 1886.202 | D66: 68.315002 | E66: 98.782601 | F66: 0.68230074 | G66: 0.5350981 | H66: 0 | I66: 98.579223 | J66: 0 | K66: 1.4207769 | L66: 0 | M66: 98.876925 | N66: 0.99875682 | O66: 0.12431849 | P66: 0 | Q66: =round(C66*1000,0) -> 1886202 | R66: =ROUND((D66/100)*Q66,0) -> 1288559 | S66: =100-D66 -> 31.684998 | T66: =ROUNDUP((C66*1000)/1000000,0) -> 2 | U66: =ROUND(E66,5) -> 98.7826 | V66: =ROUND(D66,0) -> 68 | W66: =ROUND(100-V66,0) -> 32 | X66: =IFS(B66="NAN",0,B66="Low income",1,B66="Lower middle income",2,B66="Upper middle income",3,B66="High income",4) -> 4
A67: Guinea-Bissau | B67: Low income | C67: 1967.998 | D67: 44.195999 | E67: 59.016912 | F67: 14.034571 | G67: 26.626377 | H67: 0.32213952 | I67: 49.831905 | J67: 9.285773 | K67: 40.316451 | L67: 0.56587038 | M67: 70.614348 | N67: 20.030634 | O67: 9.3406253 | P67: 0.014393227 | Q67: =round(C67*1000,0) -> 1967998 | R67: =ROUND((D67/100)*Q67,0) -> 869776 | S67: =100-D67 -> 55.804001 | T67: =ROUNDUP((C67*1000)/1000000,0) -> 2 | U67: =ROUND(E67,5) -> 59.01691 | V67: =ROUND(D67,0) -> 44 | W67: =ROUND(100-V67,0) -> 56 | X67: =IFS(B67="NAN",0,B67="Low income",1,B67="Lower middle income",2,B67="Upper middle income",3,B67="High income",4) -> 1
A68: Slovenia | B68: High income | C68: 2078.9319 | D68: 55.118004 | E68: 99.5 | F68: 0 | G68: 0.5 | H68: 0 | I68: NAN | J68: NAN | K68: NAN | L68: NAN | M68: NAN | N68: NAN | O68: NAN | P68: NAN | Q68: =round(C68*1000,0) -> 2078932 | R68: =ROUND((D68/100)*Q68,0) -> 1145866 | S68: =100-D68 -> 44.881996 | T68: =ROUNDUP((C68*1000)/1000000,0) -> 3 | U68: =ROUND(E68,5) -> 99.5 | V68: =ROUND(D68,0) -> 55 | W68: =ROUND(100-V68,0) -> 45 | X68: =IFS(B68="NAN",0,B68="Low income",1,B68="Lower middle income",2,B68="Upper middle income",3,B68="High income",4) -> 4
A69: North Macedonia | B69: Upper middle income | C69: 2083.3799 | D69: 58.481998 | E69: 97.742816 | F69: 1.6349941 | G69: 0.57422848 | H69: 0.047961597 | I69: 97.468715 | J69: 1.5052022 | K69: 0.9105632 | L69: 0.11552 | M69: 97.937403 | N69: 1.727137 | O69: 0.33546006 | P69: 0 | Q69: =round(C69*1000,0) -> 2083380 | R69: =ROUND((D69/100)*Q69,0) -> 1218402 | S69: =100-D69 -> 41.518002 | T69: =ROUNDUP((C69*1000)/1000000,0) -> 3 | U69: =ROUND(E69,5) -> 97.74282 | V69: =ROUND(D69,0) -> 58 | W69: =ROUND(100-V69,0) -> 42 | X69: =IFS(B69="NAN",0,B69="Low income",1,B69="Lower middle income",2,B69="Upper middle income",3,B69="High income",4) -> 3
A70: Lesotho | B70: Lower middle income | C70: 2142.252 | D70: 29.028 | E70: 72.176039 | F70: 10.405926 | G70: 12.217255 | H70: 5.2007801 | I70: 63.650355 | J70: 13.55843 | K70: 15.731325 | L70: 7.0598903 | M70: 93.020909 | N70: 2.698212 | O70: 3.62553 | P70: 0.65534942 | Q70: =round(C70*1000,0) -> 2142252 | R70: =ROUND((D70/100)*Q70,0) -> 621853 | S70: =100-D70 -> 70.972 | T70: =ROUNDUP((C70*1000)/1000000,0) -> 3 | U70: =ROUND(E70,5) -> 72.17604 | V70: =ROUND(D70,0) -> 29 | W70: =ROUND(100-V70,0) -> 71 | X70: =IFS(B70="NAN",0,B70="Low income",1,B70="Lower middle income",2,B70="Upper middle income",3,B70="High income",4) -> 2
A71: Gabon | B71: Upper middle income | C71: 2225.728 | D71: 90.092003 | E71: 85.341931 | F71: 7.7352631 | G71: 6.9228084 | H71: NAN | I71: 44.745889 | J71: 10.511149 | K71: 44.742962 | L71: NAN | M71: 89.806539 | N71: 7.4299808 | O71: 2.7634801 | P71: NAN | Q71: =round(C71*1000,0) -> 2225728 | R71: =ROUND((D71/100)*Q71,0) -> 2005203 | S71: =100-D71 -> 9.9079971 | T71: =ROUNDUP((C71*1000)/1000000,0) -> 3 | U71: =ROUND(E71,5) -> 85.34193 | V71: =ROUND(D71,0) -> 90 | W71: =ROUND(100-V71,0) -> 10 | X71: =IFS(B71="NAN",0,B71="Low income",1,B71="Lower middle income",2,B71="Upper middle income",3,B71="High income",4) -> 3
A72: Botswana | B72: Upper middle income | C72: 2351.625 | D72: 70.876999 | E72: 92.213563 | F72: 4.723039 | G72: 1.7325265 | H72: 1.3308715 | I72: 79.043724 | J72: 15.154947 | K72: 1.5961192 | L72: 4.2052098 | M72: 97.624981 | N72: 0.43662003 | O72: 1.7885792 | P72: 0.14982023 | Q72: =round(C72*1000,0) -> 2351625 | R72: =ROUND((D72/100)*Q72,0) -> 1666761 | S72: =100-D72 -> 29.123001 | T72: =ROUNDUP((C72*1000)/1000000,0) -> 3 | U72: =ROUND(E72,5) -> 92.21356 | V72: =ROUND(D72,0) -> 71 | W72: =ROUND(100-V72,0) -> 29 | X72: =IFS(B72="NAN",0,B72="Low income",1,B72="Lower middle income",2,B72="Upper middle income",3,B72="High income",4) -> 3
A73: Gambia | B73: Low income | C73: 2416.6641 | D73: 62.581997 | E73: 80.940407 | F73: 8.5973914 | G73: 10.352852 | H73: 0.10934939 | I73: 69.188523 | J73: 16.497832 | K73: 14.243765 | L73: 0.069878937 | M73: 87.966904 | N73: 3.8736895 | O73: 8.0264573 | P73: 0.13294893 | Q73: =round(C73*1000,0) -> 2416664 | R73: =ROUND((D73/100)*Q73,0) -> 1512397 | S73: =100-D73 -> 37.418003 | T73: =ROUNDUP((C73*1000)/1000000,0) -> 3 | U73: =ROUND(E73,5) -> 80.94041 | V73: =ROUND(D73,0) -> 63 | W73: =ROUND(100-V73,0) -> 37 | X73: =IFS(B73="NAN",0,B73="Low income",1,B73="Lower middle income",2,B73="Upper middle income",3,B73="High income",4) -> 1
A74: Namibia | B74: Upper middle income | C74: 2540.916 | D74: 52.033001 | E74: 84.270036 | F74: 7.0876275 | G74: 3.7401437 | H74: 4.9021925 | I74: 71.256167 | J74: 11.972189 | K74: 7.0818038 | L74: 9.6898396 | M74: 96.266965 | N74: 2.584759 | O74: 0.65961026 | P74: 0.48866542 | Q74: =round(C74*1000,0) -> 2540916 | R74: =ROUND((D74/100)*Q74,0) -> 1322115 | S74: =100-D74 -> 47.966999 | T74: =ROUNDUP((C74*1000)/1000000,0) -> 3 | U74: =ROUND(E74,5) -> 84.27004 | V74: =ROUND(D74,0) -> 52 | W74: =ROUND(100-V74,0) -> 48 | X74: =IFS(B74="NAN",0,B74="Low income",1,B74="Lower middle income",2,B74="Upper middle income",3,B74="High income",4) -> 3
A75: Lithuania | B75: High income | C75: 2722.291 | D75: 68.045998 | E75: 98.013347 | F75: 0 | G75: 1.9866528 | H75: 0 | I75: 93.78278 | J75: 0 | K75: 6.2172198 | L75: 0 | M75: 100 | N75: 0 | O75: 0 | P75: 0 | Q75: =round(C75*1000,0) -> 2722291 | R75: =ROUND((D75/100)*Q75,0) -> 1852410 | S75: =100-D75 -> 31.954002 | T75: =ROUNDUP((C75*1000)/1000000,0) -> 3 | U75: =ROUND(E75,5) -> 98.01335 | V75: =ROUND(D75,0) -> 68 | W75: =ROUND(100-V75,0) -> 32 | X75: =IFS(B75="NAN",0,B75="Low income",1,B75="Lower middle income",2,B75="Upper middle income",3,B75="High income",4) -> 4
A76: Puerto Rico | B76: High income | C76: 2860.8401 | D76: 93.581001 | E76: 100 | F76: 0 | G76: 0 | H76: 0 | I76: NAN | J76: NAN | K76: NAN | L76: NAN | M76: NAN | N76: NAN | O76: NAN | P76: NAN | Q76: =round(C76*1000,0) -> 2860840 | R76: =ROUND((D76/100)*Q76,0) -> 2677203 | S76: =100-D76 -> 6.4189987 | T76: =ROUNDUP((C76*1000)/1000000,0) -> 3 | U76: =ROUND(E76,5) -> 100 | V76: =ROUND(D76,0) -> 94 | W76: =ROUND(100-V76,0) -> 6 | X76: =IFS(B76="NAN",0,B76="Low income",1,B76="Lower middle income",2,B76="Upper middle income",3,B76="High income",4) -> 4
A77: Albania | B77: Upper middle income | C77: 2877.8 | D77: 62.112 | E77: 95.068039 | F77: 1.8846561 | G77: 3.0473051 | H77: 0 | I77: 94.091358 | J77: 2.305265 | K77: 3.603377 | L77: 0 | M77: 95.663809 | N77: 1.6280868 | O77: 2.7081041 | P77: 0 | Q77: =round(C77*1000,0) -> 2877800 | R77: =ROUND((D77/100)*Q77,0) -> 1787459 | S77: =100-D77 -> 37.888 | T77: =ROUNDUP((C77*1000)/1000000,0) -> 3 | U77: =ROUND(E77,5) -> 95.06804 | V77: =ROUND(D77,0) -> 62 | W77: =ROUND(100-V77,0) -> 38 | X77: =IFS(B77="NAN",0,B77="Low income",1,B77="Lower middle income",2,B77="Upper middle income",3,B77="High income",4) -> 3
A78: Qatar | B78: High income | C78: 2881.0601 | D78: 99.235001 | E78: 99.568102 | F78: 0 | G78: 0.43189806 | H78: 0 | I78: NAN | J78: NAN | K78: NAN | L78: NAN | M78: NAN | N78: NAN | O78: NAN | P78: NAN | Q78: =round(C78*1000,0) -> 2881060 | R78: =ROUND((D78/100)*Q78,0) -> 2859020 | S78: =100-D78 -> 0.76499939 | T78: =ROUNDUP((C78*1000)/1000000,0) -> 3 | U78: =ROUND(E78,5) -> 99.5681 | V78: =ROUND(D78,0) -> 99 | W78: =ROUND(100-V78,0) -> 1 | X78: =IFS(B78="NAN",0,B78="Low income",1,B78="Lower middle income",2,B78="Upper middle income",3,B78="High income",4) -> 4
A79: Jamaica | B79: Upper middle income | C79: 2961.1609 | D79: 56.311001 | E79: 91.029944 | F79: 5.3675709 | G79: 1.8640102 | H79: 1.7384744 | I79: 85.399912 | J79: 8.4907374 | K79: 2.5689719 | L79: 3.5403786 | M79: 95.398016 | N79: 2.9444562 | O79: 1.3170643 | P79: 0.34046355 | Q79: =round(C79*1000,0) -> 2961161 | R79: =ROUND((D79/100)*Q79,0) -> 1667459 | S79: =100-D79 -> 43.688999 | T79: =ROUNDUP((C79*1000)/1000000,0) -> 3 | U79: =ROUND(E79,5) -> 91.02994 | V79: =ROUND(D79,0) -> 56 | W79: =ROUND(100-V79,0) -> 44 | X79: =IFS(B79="NAN",0,B79="Low income",1,B79="Lower middle income",2,B79="Upper middle income",3,B79="High income",4) -> 3
A80: Armenia | B80: Upper middle income | C80: 2963.2339 | D80: 63.313 | E80: 99.971181 | F80: 0 | G80: 0.028819308 | H80: 0 | I80: 100 | J80: 0 | K80: 0 | L80: 0 | M80: 99.954481 | N80: 0 | O80: 0.045518784 | P80: 0 | Q80: =round(C80*1000,0) -> 2963234 | R80: =ROUND((D80/100)*Q80,0) -> 1876112 | S80: =100-D80 -> 36.687 | T80: =ROUNDUP((C80*1000)/1000000,0) -> 3 | U80: =ROUND(E80,5) -> 99.97118 | V80: =ROUND(D80,0) -> 63 | W80: =ROUND(100-V80,0) -> 37 | X80: =IFS(B80="NAN",0,B80="Low income",1,B80="Lower middle income",2,B80="Upper middle income",3,B80="High income",4) -> 3
A81: Mongolia | B81: Lower middle income | C81: 3278.292 | D81: 68.656998 | E81: 85.495625 | F81: 2.1464289 | G81: 6.6333667 | H81: 5.7245791 | I81: 61.070751 | J81: 3.0841706 | K81: 17.580781 | L81: 18.264297 | M81: 96.645966 | N81: 1.7183351 | O81: 1.6356993 | P81: 0 | Q81: =round(C81*1000,0) -> 3278292 | R81: =ROUND((D81/100)*Q81,0) -> 2250777 | S81: =100-D81 -> 31.343002 | T81: =ROUNDUP((C81*1000)/1000000,0) -> 4 | U81: =ROUND(E81,5) -> 85.49563 | V81: =ROUND(D81,0) -> 69 | W81: =ROUND(100-V81,0) -> 31 | X81: =IFS(B81="NAN",0,B81="Low income",1,B81="Lower middle income",2,B81="Upper middle income",3,B81="High income",4) -> 2
A82: Bosnia and Herzegovina | B82: Upper middle income | C82: 3280.8149 | D82: 49.02 | E82: 96.113898 | F82: 3.8236639 | G82: 0.062438438 | H82: 0 | I82: 97.333333 | J82: 2.6666667 | K82: 0 | L82: 0 | M82: 94.845704 | N82: 5.0269222 | O82: 0.12737339 | P82: 0 | Q82: =round(C82*1000,0) -> 3280815 | R82: =ROUND((D82/100)*Q82,0) -> 1608256 | S82: =100-D82 -> 50.98 | T82: =ROUNDUP((C82*1000)/1000000,0) -> 4 | U82: =ROUND(E82,5) -> 96.1139 | V82: =ROUND(D82,0) -> 49 | W82: =ROUND(100-V82,0) -> 51 | X82: =IFS(B82="NAN",0,B82="Low income",1,B82="Lower middle income",2,B82="Upper middle income",3,B82="High income",4) -> 3
A83: Uruguay | B83: High income | C83: 3473.7271 | D83: 95.514999 | E83: 99.495758 | F83: 0.50424244 | G83: 0 | H83: 0 | I83: 95.30083 | J83: 4.69917 | K83: 0 | L83: 0 | M83: 99.692734 | N83: 0.30726556 | O83: 0 | P83: 0 | Q83: =round(C83*1000,0) -> 3473727 | R83: =ROUND((D83/100)*Q83,0) -> 3317930 | S83: =100-D83 -> 4.4850006 | T83: =ROUNDUP((C83*1000)/1000000,0) -> 4 | U83: =ROUND(E83,5) -> 99.49576 | V83: =ROUND(D83,0) -> 96 | W83: =ROUND(100-V83,0) -> 4 | X83: =IFS(B83="NAN",0,B83="Low income",1,B83="Lower middle income",2,B83="Upper middle income",3,B83="High income",4) -> 4
A84: Georgia | B84: Upper middle income | C84: 3989.175 | D84: 59.452995 | E84: 97.34814 | F84: 0 | G84: 2.6327614 | H84: 0.019098923 | I84: 94.271884 | J84: 0 | K84: 5.7039236 | L84: 0.024192183 | M84: 99.446154 | N84: 0 | O84: 0.53822074 | P84: 0.015625316 | Q84: =round(C84*1000,0) -> 3989175 | R84: =ROUND((D84/100)*Q84,0) -> 2371684 | S84: =100-D84 -> 40.547005 | T84: =ROUNDUP((C84*1000)/1000000,0) -> 4 | U84: =ROUND(E84,5) -> 97.34814 | V84: =ROUND(D84,0) -> 59 | W84: =ROUND(100-V84,0) -> 41 | X84: =IFS(B84="NAN",0,B84="Low income",1,B84="Lower middle income",2,B84="Upper middle income",3,B84="High income",4) -> 3
A85: Republic of Moldova | B85: Upper middle income | C85: 4033.9629 | D85: 42.849003 | E85: 90.569962 | F85: 1.5197768 | G85: 7.910261 | H85: 0 | I85: 85.481038 | J85: 1.522563 | K85: 12.996399 | L85: 0 | M85: 97.357444 | N85: 1.5160604 | O85: 1.1264951 | P85: 0 | Q85: =round(C85*1000,0) -> 4033963 | R85: =ROUND((D85/100)*Q85,0) -> 1728513 | S85: =100-D85 -> 57.150997 | T85: =ROUNDUP((C85*1000)/1000000,0) -> 5 | U85: =ROUND(E85,5) -> 90.56996 | V85: =ROUND(D85,0) -> 43 | W85: =ROUND(100-V85,0) -> 57 | X85: =IFS(B85="NAN",0,B85="Low income",1,B85="Lower middle income",2,B85="Upper middle income",3,B85="High income",4) -> 3
A86: Croatia | B86: High income | C86: 4105.2681 | D86: 57.552998 | E86: NAN | F86: NAN | G86: NAN | H86: NAN | I86: NAN | J86: NAN | K86: NAN | L86: NAN | M86: 100 | N86: 0 | O86: 0 | P86: 0 | Q86: =round(C86*1000,0) -> 4105268 | R86: =ROUND((D86/100)*Q86,0) -> 2362705 | S86: =100-D86 -> 42.447002 | T86: =ROUNDUP((C86*1000)/1000000,0) -> 5 | U86: NAN | V86: =ROUND(D86,0) -> 58 | W86: =ROUND(100-V86,0) -> 42 | X86: =IFS(B86="NAN",0,B86="Low income",1,B86="Lower middle income",2,B86="Upper middle income",3,B86="High income",4) -> 4
A87: Kuwait | B87: High income | C87: 4270.563 | D87: 100 | E87: 100 | F87: 0 | G87: 0 | H87: 0 | I87: NAN | J87: NAN | K87: NAN | L87: NAN | M87: NAN | N87: NAN | O87: NAN | P87: NAN | Q87: =round(C87*1000,0) -> 4270563 | R87: =ROUND((D87/100)*Q87,0) -> 4270563 | S87: =100-D87 -> 0 | T87: =ROUNDUP((C87*1000)/1000000,0) -> 5 | U87: =ROUND(E87,5) -> 100 | V87: =ROUND(D87,0) -> 100 | W87: =ROUND(100-V87,0) -> 0 | X87: =IFS(B87="NAN",0,B87="Low income",1,B87="Lower middle income",2,B87="Upper middle income",3,B87="High income",4) -> 4
A88: Panama | B88: High income | C88: 4314.7681 | D88: 68.414001 | E88: 94.372544 | F88: 1.8734806 | G88: 2.2623042 | H88: 1.4916708 | I88: 86.323083 | J88: 1.7919826 | K88: 7.1623643 | L88: 4.7225698 | M88: 98.088893 | N88: 1.9111073 | O88: 0 | P88: 0 | Q88: =round(C88*1000,0) -> 4314768 | R88: =ROUND((D88/100)*Q88,0) -> 2951905 | S88: =100-D88 -> 31.585999 | T88: =ROUNDUP((C88*1000)/1000000,0) -> 5 | U88: =ROUND(E88,5) -> 94.37254 | V88: =ROUND(D88,0) -> 68 | W88: =ROUND(100-V88,0) -> 32 | X88: =IFS(B88="NAN",0,B88="Low income",1,B88="Lower middle income",2,B88="Upper middle income",3,B88="High income",4) -> 4
A89: Mauritania | B89: Lower middle income | C89: 4649.6602 | D89: 55.326996 | E89: 71.681049 | F89: 13.476892 | G89: 14.820327 | H89: 0.021732034 | I89: 49.911339 | J89: 18.490397 | K89: 31.549617 | L89: 0.048646907 | M89: 89.258695 | N89: 9.4288081 | O89: 1.3124973 | P89: 0 | Q89: =round(C89*1000,0) -> 4649660 | R89: =ROUND((D89/100)*Q89,0) -> 2572517 | S89: =100-D89 -> 44.673004 | T89: =ROUNDUP((C89*1000)/1000000,0) -> 5 | U89: =ROUND(E89,5) -> 71.68105 | V89: =ROUND(D89,0) -> 55 | W89: =ROUND(100-V89,0) -> 45 | X89: =IFS(B89="NAN",0,B89="Low income",1,B89="Lower middle income",2,B89="Upper middle income",3,B89="High income",4) -> 2
A90: New Zealand | B90: High income | C90: 4822.2329 | D90: 86.698998 | E90: 100 | F90: 0 | G90: 0 | H90: 0 | I90: 100 | J90: 0 | K90: 0 | L90: 0 | M90: 100 | N90: 0 | O90: 0 | P90: 0 | Q90: =round(C90*1000,0) -> 4822233 | R90: =ROUND((D90/100)*Q90,0) -> 4180828 | S90: =100-D90 -> 13.301002 | T90: =ROUNDUP((C90*1000)/1000000,0) -> 5 | U90: =ROUND(E90,5) -> 100 | V90: =ROUND(D90,0) -> 87 | W90: =ROUND(100-V90,0) -> 13 | X90: =IFS(B90="NAN",0,B90="Low income",1,B90="Lower middle income",2,B90="Upper middle income",3,B90="High income",4) -> 4
A91: Central African Republic | B91: Low income | C91: 4829.7642 | D91: 42.197998 | E91: 37.202402 | F91: 25.682373 | G91: 33.539114 | H91: 3.5761107 | I91: 28.106594 | J91: 19.40589 | K91: 46.373073 | L91: 6.1144429 | M91: 49.661665 | N91: 34.27978 | O91: 15.959402 | P91: 0.099152817 | Q91: =round(C91*1000,0) -> 4829764 | R91: =ROUND((D91/100)*Q91,0) -> 2038064 | S91: =100-D91 -> 57.802002 | T91: =ROUNDUP((C91*1000)/1000000,0) -> 5 | U91: =ROUND(E91,5) -> 37.2024 | V91: =ROUND(D91,0) -> 42 | W91: =ROUND(100-V91,0) -> 58 | X91: =IFS(B91="NAN",0,B91="Low income",1,B91="Lower middle income",2,B91="Upper middle income",3,B91="High income",4) -> 1
A92: Ireland | B92: High income | C92: 4937.7959 | D92: 63.653 | E92: 97.399707 | F92: 0 | G92: 2.6002935 | H92: 0 | I92: 98.134921 | J92: 0 | K92: 1.8650792 | L92: 0 | M92: 96.979886 | N92: 0 | O92: 3.020114 | P92: 0 | Q92: =round(C92*1000,0) -> 4937796 | R92: =ROUND((D92/100)*Q92,0) -> 3143055 | S92: =100-D92 -> 36.347 | T92: =ROUNDUP((C92*1000)/1000000,0) -> 5 | U92: =ROUND(E92,5) -> 97.39971 | V92: =ROUND(D92,0) -> 64 | W92: =ROUND(100-V92,0) -> 36 | X92: =IFS(B92="NAN",0,B92="Low income",1,B92="Lower middle income",2,B92="Upper middle income",3,B92="High income",4) -> 4
A93: Liberia | B93: Low income | C93: 5057.6768 | D93: 52.088997 | E93: 75.261792 | F93: 8.7006575 | G93: 3.4880809 | H93: 12.54947 | I93: 64.100217 | J93: 6.5377758 | K93: 3.3837099 | L93: 25.978297 | M93: 85.52811 | N93: 10.690057 | O93: 3.5840804 | P93: 0.197753 | Q93: =round(C93*1000,0) -> 5057677 | R93: =ROUND((D93/100)*Q93,0) -> 2634493 | S93: =100-D93 -> 47.911003 | T93: =ROUNDUP((C93*1000)/1000000,0) -> 6 | U93: =ROUND(E93,5) -> 75.26179 | V93: =ROUND(D93,0) -> 52 | W93: =ROUND(100-V93,0) -> 48 | X93: =IFS(B93="NAN",0,B93="Low income",1,B93="Lower middle income",2,B93="Upper middle income",3,B93="High income",4) -> 1
A94: Costa Rica | B94: Upper middle income | C94: 5094.1138 | D94: 80.770996 | E94: 99.810537 | F94: 0.18945947 | G94: 3.5944519e-06 | H94: 0 | I94: 99.64625 | J94: 0.35375 | K94: 0 | L94: 0 | M94: 99.849653 | N94: 0.15034714 | O94: 0 | P94: 0 | Q94: =round(C94*1000,0) -> 5094114 | R94: =ROUND((D94/100)*Q94,0) -> 4114567 | S94: =100-D94 -> 19.229004 | T94: =ROUNDUP((C94*1000)/1000000,0) -> 6 | U94: =ROUND(E94,5) -> 99.81054 | V94: =ROUND(D94,0) -> 81 | W94: =ROUND(100-V94,0) -> 19 | X94: =IFS(B94="NAN",0,B94="Low income",1,B94="Lower middle income",2,B94="Upper middle income",3,B94="High income",4) -> 3
A95: West Bank and Gaza Strip | B95: Lower middle income | C95: 5101.416 | D95: 76.718994 | E95: 97.880397 | F95: 1.0299795 | G95: 1.0896233 | H95: NAN | I95: 98.715556 | J95: 0.31740063 | K95: 0.96704296 | L95: NAN | M95: 97.626964 | N95: 1.2462174 | O95: 1.1268182 | P95: NAN | Q95: =round(C95*1000,0) -> 5101416 | R95: =ROUND((D95/100)*Q95,0) -> 3913755 | S95: =100-D95 -> 23.281006 | T95: =ROUNDUP((C95*1000)/1000000,0) -> 6 | U95: =ROUND(E95,5) -> 97.8804 | V95: =ROUND(D95,0) -> 77 | W95: =ROUND(100-V95,0) -> 23 | X95: =IFS(B95="NAN",0,B95="Low income",1,B95="Lower middle income",2,B95="Upper middle income",3,B95="High income",4) -> 2
A96: Oman | B96: High income | C96: 5106.6221 | D96: 86.275993 | E96: 92.168025 | F96: 7.5414199 | G96: 0.2604052 | H96: 0.030150217 | I96: 76.25078 | J96: 21.632121 | K96: 1.8974092 | L96: 0.21968974 | M96: 94.7 | N96: 5.3 | O96: 0 | P96: 0 | Q96: =round(C96*1000,0) -> 5106622 | R96: =ROUND((D96/100)*Q96,0) -> 4405789 | S96: =100-D96 -> 13.724007 | T96: =ROUNDUP((C96*1000)/1000000,0) -> 6 | U96: =ROUND(E96,5) -> 92.16802 | V96: =ROUND(D96,0) -> 86 | W96: =ROUND(100-V96,0) -> 14 | X96: =IFS(B96="NAN",0,B96="Low income",1,B96="Lower middle income",2,B96="Upper middle income",3,B96="High income",4) -> 4
A97: Norway | B97: High income | C97: 5421.2422 | D97: 82.973991 | E97: 99.999995 | F97: 0 | G97: 4.5034075e-06 | H97: 0 | I97: 100 | J97: 0 | K97: 0 | L97: 0 | M97: 100 | N97: 0 | O97: 0 | P97: 0 | Q97: =round(C97*1000,0) -> 5421242 | R97: =ROUND((D97/100)*Q97,0) -> 4498221 | S97: =100-D97 -> 17.026009 | T97: =ROUNDUP((C97*1000)/1000000,0) -> 6 | U97: =ROUND(E97,5) -> 100 | V97: =ROUND(D97,0) -> 83 | W97: =ROUND(100-V97,0) -> 17 | X97: =IFS(B97="NAN",0,B97="Low income",1,B97="Lower middle income",2,B97="Upper middle income",3,B97="High income",4) -> 4
A98: Slovakia | B98: High income | C98: 5459.6431 | D98: 53.759998 | E98: 99.787699 | F98: 0.21230142 | G98: 0 | H98: 0 | I98: 100 | J98: 0 | K98: 0 | L98: 0 | M98: 99.605094 | N98: 0.39490594 | O98: 0 | P98: 0 | Q98: =round(C98*1000,0) -> 5459643 | R98: =ROUND((D98/100)*Q98,0) -> 2935104 | S98: =100-D98 -> 46.240002 | T98: =ROUNDUP((C98*1000)/1000000,0) -> 6 | U98: =ROUND(E98,5) -> 99.7877 | V98: =ROUND(D98,0) -> 54 | W98: =ROUND(100-V98,0) -> 46 | X98: =IFS(B98="NAN",0,B98="Low income",1,B98="Lower middle income",2,B98="Upper middle income",3,B98="High income",4) -> 4
A99: Congo | B99: Lower middle income | C99: 5518.0918 | D99: 67.829002 | E99: 73.784512 | F99: 10.461172 | G99: 9.5591807 | H99: 6.1951357 | I99: 45.724413 | J99: 10.63239 | K99: 24.40517 | L99: 19.238027 | M99: 87.093296 | N99: 10.379964 | O99: 2.51779 | P99: 0.0089494521 | Q99: =round(C99*1000,0) -> 5518092 | R99: =ROUND((D99/100)*Q99,0) -> 3742867 | S99: =100-D99 -> 32.170998 | T99: =ROUNDUP((C99*1000)/1000000,0) -> 6 | U99: =ROUND(E99,5) -> 73.78451 | V99: =ROUND(D99,0) -> 68 | W99: =ROUND(100-V99,0) -> 32 | X99: =IFS(B99="NAN",0,B99="Low income",1,B99="Lower middle income",2,B99="Upper middle income",3,B99="High income",4) -> 2
A100: Finland | B100: High income | C100: 5540.7178 | D100: 85.517006 | E100: 100 | F100: 0 | G100: 0 | H100: 0 | I100: 100 | J100: 0 | K100: 0 | L100: 0 | M100: 100 | N100: 0 | O100: 0 | P100: 0 | Q100: =round(C100*1000,0) -> 5540718 | R100: =ROUND((D100/100)*Q100,0) -> 4738256 | S100: =100-D100 -> 14.482994 | T100: =ROUNDUP((C100*1000)/1000000,0) -> 6 | U100: =ROUND(E100,5) -> 100 | V100: =ROUND(D100,0) -> 86 | W100: =ROUND(100-V100,0) -> 14 | X100: =IFS(B100="NAN",0,B100="Low income",1,B100="Lower middle income",2,B100="Upper middle income",3,B100="High income",4) -> 4
...

Sheet Pivot Table 5

Sheet Income group pivot Table 
A11: 0 → NaN
A12: 1 → Low income
A13: 2 → Lower middle income
A14: 3 → Upper middle income
A15: 4 → High income

Sheet Rural pivot Table 

Sheet Urban pivot Table 

Sheet National pivot Table 

Sheet Global 2020 Report
A1: total_pop_n_actual | C1: estimated_pop_n | E1: total_pop_u_val | G1: estimated_pop_u_val | I1: pop_u% | K1: estimated_pop_u%
A2: =SUM('Estimates-on-the-use-of-water-('!Q2:Q214) -> 7786695108 | C2: =7.821*1000000000 -> 7821000000 | E2: =SUM('Estimates-on-the-use-of-water-('!R2:R214) -> 4375308457 | G2: =(55/100)*C2 -> 4301550000 | I2: =E2/A2*100 -> 56.189544 | K2: 55
B5: percentage_difference_pop_n | F5: percentage_difference_pop_u | J5: percentage_difference_pop_u%
B6: =((ABS(A2-C2))/(SUM(A2,C2)/2))*100 -> 0.43958947 | F6: =((ABS(E2-G2))/(SUM(E2,G2)/2))*100 -> 1.7001189 | J6: =((ABS(I2-K2))/(SUM(I2,K2)/2))*100 -> 2.1396684
G11: AVERAGE
B12: min | C12: q1 | D12: median q2 | E12: q3 | F12: max | G12: mean | H12: mode | I12: range | J12: (IQR)interquartile range | K12: standard deviation
A13: wat_bas_n_rounded | B13: =MIN('Estimates-on-the-use-of-water-('!U2:U214) -> 37.2024 | C13: =QUARTILE('Estimates-on-the-use-of-water-('!U2:U214,1) -> 85.643315 | D13: =MEDIAN('Estimates-on-the-use-of-water-('!U2:U214) -> 97.34814 | E13: =QUARTILE('Estimates-on-the-use-of-water-('!U2:U214,3) -> 99.887525 | F13: =MAX('Estimates-on-the-use-of-water-('!U2:U214) -> 100 | G13: =AVERAGE('Estimates-on-the-use-of-water-('!U2:U214) -> 89.864783 | H13: =MODE('Estimates-on-the-use-of-water-('!U2:U214) -> 100 | I13: =F13-B13 -> 62.7976 | J13: =E13-C13 -> 14.24421 | K13: =STDEV('Estimates-on-the-use-of-water-('!U2:U214) -> 15.087427
A14: wat_lim_n | B14: =MIN('Estimates-on-the-use-of-water-('!F2:F214) -> 0 | C14: =QUARTILE('Estimates-on-the-use-of-water-('!F2:F214,1) -> 0 | D14: =MEDIAN('Estimates-on-the-use-of-water-('!F2:F214) -> 0.47078292 | E14: =QUARTILE('Estimates-on-the-use-of-water-('!F2:F214,3) -> 4.8512192 | F14: =MAX('Estimates-on-the-use-of-water-('!F2:F214) -> 37.426963 | G14: =AVERAGE('Estimates-on-the-use-of-water-('!F2:F214) -> 3.8652653 | H14: =MODE('Estimates-on-the-use-of-water-('!F2:F214) -> 0 | I14: =F14-B14 -> 37.426963 | J14: =E14-C14 -> 4.8512192 | K14: =STDEV('Estimates-on-the-use-of-water-('!F2:F214) -> 6.9608466
A15: wat_unimp_n | B15: =MIN('Estimates-on-the-use-of-water-('!G2:G214) -> 0 | C15: =QUARTILE('Estimates-on-the-use-of-water-('!G2:G214,1) -> 0.033906223 | D15: =MEDIAN('Estimates-on-the-use-of-water-('!G2:G214) -> 0.85364747 | E15: =QUARTILE('Estimates-on-the-use-of-water-('!G2:G214,3) -> 5.2793099 | F15: =MAX('Estimates-on-the-use-of-water-('!G2:G214) -> 33.539114 | G15: =AVERAGE('Estimates-on-the-use-of-water-('!G2:G214) -> 4.4180107 | H15: =MODE('Estimates-on-the-use-of-water-('!G2:G214) -> 0 | I15: =F15-B15 -> 33.539114 | J15: =E15-C15 -> 5.2454037 | K15: =STDEV('Estimates-on-the-use-of-water-('!G2:G214) -> 7.174477
A16: wat_sur_n | B16: =MIN('Estimates-on-the-use-of-water-('!H2:H214) -> 0 | C16: =QUARTILE('Estimates-on-the-use-of-water-('!H2:H214,1) -> 0 | D16: =MEDIAN('Estimates-on-the-use-of-water-('!H2:H214) -> 0 | E16: =QUARTILE('Estimates-on-the-use-of-water-('!H2:H214,3) -> 1.878302 | F16: =MAX('Estimates-on-the-use-of-water-('!H2:H214) -> 30.369793 | G16: =AVERAGE('Estimates-on-the-use-of-water-('!H2:H214) -> 1.9154886 | H16: =MODE('Estimates-on-the-use-of-water-('!H2:H214) -> 0 | I16: =F16-B16 -> 30.369793 | J16: =E16-C16 -> 1.878302 | K16: =STDEV('Estimates-on-the-use-of-water-('!H2:H214) -> 3.923974
B18: min | C18: q1 | D18: median q2 | E18: q3 | F18: max | G18: mean | H18: mode | I18: range | J18: (IQR)interquartile range | K18: standard deviation
A19: wat_bas_u | B19: =MIN('Estimates-on-the-use-of-water-('!M2:M214) -> 49.661665 | C19: =QUARTILE('Estimates-on-the-use-of-water-('!M2:M214,1) -> 92.562878 | D19: =MEDIAN('Estimates-on-the-use-of-water-('!M2:M214) -> 98.106628 | E19: =QUARTILE('Estimates-on-the-use-of-water-('!M2:M214,3) -> 99.949418 | F19: =MAX('Estimates-on-the-use-of-water-('!M2:M214) -> 100 | G19: =AVERAGE('Estimates-on-the-use-of-water-('!M2:M214) -> 94.68984 | H19: =MODE('Estimates-on-the-use-of-water-('!M2:M214) -> 100 | I19: =F19-B19 -> 50.338335 | J19: =E19-C19 -> 7.3865405 | K19: =STDEV('Estimates-on-the-use-of-water-('!M2:M214) -> 8.0388616
A20: wat_lim_u | B20: =MIN('Estimates-on-the-use-of-water-('!N2:N214) -> 0 | C20: =QUARTILE('Estimates-on-the-use-of-water-('!N2:N214,1) -> 0 | D20: =MEDIAN('Estimates-on-the-use-of-water-('!N2:N214) -> 0.5 | E20: =QUARTILE('Estimates-on-the-use-of-water-('!N2:N214,3) -> 3.9663472 | F20: =MAX('Estimates-on-the-use-of-water-('!N2:N214) -> 34.27978 | G20: =AVERAGE('Estimates-on-the-use-of-water-('!N2:N214) -> 3.2818387 | H20: =MODE('Estimates-on-the-use-of-water-('!N2:N214) -> 0 | I20: =F20-B20 -> 34.27978 | J20: =E20-C20 -> 3.9663472 | K20: =STDEV('Estimates-on-the-use-of-water-('!N2:N214) -> 5.635067
A21: wat_unimp_u | B21: =MIN('Estimates-on-the-use-of-water-('!O2:O214) -> 0 | C21: =QUARTILE('Estimates-on-the-use-of-water-('!O2:O214,1) -> 0 | D21: =MEDIAN('Estimates-on-the-use-of-water-('!O2:O214) -> 0.349874 | E21: =QUARTILE('Estimates-on-the-use-of-water-('!O2:O214,3) -> 2.0590013 | F21: =MAX('Estimates-on-the-use-of-water-('!O2:O214) -> 19.835807 | G21: =AVERAGE('Estimates-on-the-use-of-water-('!O2:O214) -> 1.7187852 | H21: =MODE('Estimates-on-the-use-of-water-('!O2:O214) -> 0 | I21: =F21-B21 -> 19.835807 | J21: =E21-C21 -> 2.0590013 | K21: =STDEV('Estimates-on-the-use-of-water-('!O2:O214) -> 3.2345703
A22: wat_sur_u | B22: =MIN('Estimates-on-the-use-of-water-('!P2:P214) -> 0 | C22: =QUARTILE('Estimates-on-the-use-of-water-('!P2:P214,1) -> 0 | D22: =MEDIAN('Estimates-on-the-use-of-water-('!P2:P214) -> 0 | E22: =QUARTILE('Estimates-on-the-use-of-water-('!P2:P214,3) -> 0.15970568 | F22: =MAX('Estimates-on-the-use-of-water-('!P2:P214) -> 6.3621605 | G22: =AVERAGE('Estimates-on-the-use-of-water-('!P2:P214) -> 0.31311484 | H22: =MODE('Estimates-on-the-use-of-water-('!P2:P214) -> 0 | I22: =F22-B22 -> 6.3621605 | J22: =E22-C22 -> 0.15970568 | K22: =STDEV('Estimates-on-the-use-of-water-('!P2:P214) -> 0.86963164
B24: min | C24: q1 | D24: median q2 | E24: q3 | F24: max | G24: mean | H24: mode | I24: range | J24: (IQR)interquartile range | K24: standard deviation
A25: wat_bas_r | B25: =MIN('Estimates-on-the-use-of-water-('!I2:I214) -> 21.982792 | C25: =QUARTILE('Estimates-on-the-use-of-water-('!I2:I214,1) -> 64.825421 | D25: =MEDIAN('Estimates-on-the-use-of-water-('!I2:I214) -> 90.731617 | E25: =QUARTILE('Estimates-on-the-use-of-water-('!I2:I214,3) -> 99.119242 | F25: =MAX('Estimates-on-the-use-of-water-('!I2:I214) -> 100 | G25: =AVERAGE('Estimates-on-the-use-of-water-('!I2:I214) -> 81.335918 | H25: =MODE('Estimates-on-the-use-of-water-('!I2:I214) -> 100 | I25: =F25-B25 -> 78.017208 | J25: =E25-C25 -> 34.293821 | K25: =STDEV('Estimates-on-the-use-of-water-('!I2:I214) -> 21.506637
A26: wat_lim_r | B26: =MIN('Estimates-on-the-use-of-water-('!J2:J214) -> 0 | C26: =QUARTILE('Estimates-on-the-use-of-water-('!J2:J214,1) -> 0 | D26: =MEDIAN('Estimates-on-the-use-of-water-('!J2:J214) -> 1.8123308 | E26: =QUARTILE('Estimates-on-the-use-of-water-('!J2:J214,3) -> 8.5531751 | F26: =MAX('Estimates-on-the-use-of-water-('!J2:J214) -> 42.164381 | G26: =AVERAGE('Estimates-on-the-use-of-water-('!J2:J214) -> 5.8365625 | H26: =MODE('Estimates-on-the-use-of-water-('!J2:J214) -> 0 | I26: =F26-B26 -> 42.164381 | J26: =E26-C26 -> 8.5531751 | K26: =STDEV('Estimates-on-the-use-of-water-('!J2:J214) -> 8.7047658
A27: wat_unimp_r | B27: =MIN('Estimates-on-the-use-of-water-('!K2:K214) -> 0 | C27: =QUARTILE('Estimates-on-the-use-of-water-('!K2:K214,1) -> 0.15841092 | D27: =MEDIAN('Estimates-on-the-use-of-water-('!K2:K214) -> 3.2297497 | E27: =QUARTILE('Estimates-on-the-use-of-water-('!K2:K214,3) -> 13.266339 | F27: =MAX('Estimates-on-the-use-of-water-('!K2:K214) -> 51.215982 | G27: =AVERAGE('Estimates-on-the-use-of-water-('!K2:K214) -> 8.7322615 | H27: =MODE('Estimates-on-the-use-of-water-('!K2:K214) -> 0 | I27: =F27-B27 -> 51.215982 | J27: =E27-C27 -> 13.107928 | K27: =STDEV('Estimates-on-the-use-of-water-('!K2:K214) -> 11.828494
A28: wat_sur_r | B28: =MIN('Estimates-on-the-use-of-water-('!L2:L214) -> 0 | C28: =QUARTILE('Estimates-on-the-use-of-water-('!L2:L214,1) -> 0 | D28: =MEDIAN('Estimates-on-the-use-of-water-('!L2:L214) -> 0.21968974 | E28: =QUARTILE('Estimates-on-the-use-of-water-('!L2:L214,3) -> 6.1574715 | F28: =MAX('Estimates-on-the-use-of-water-('!L2:L214) -> 40.518132 | G28: =AVERAGE('Estimates-on-the-use-of-water-('!L2:L214) -> 4.2240396 | H28: =MODE('Estimates-on-the-use-of-water-('!L2:L214) -> 0 | I28: =F28-B28 -> 40.518132 | J28: =E28-C28 -> 6.1574715 | K28: =STDEV('Estimates-on-the-use-of-water-('!L2:L214) -> 6.8479514
G145: NATIONAL PIVOT TABLE
G168: URBAN PIVOT TABLE
G195: RURAL PIVOT TABLE
